site,lizard_id,coleoptera,hemiptera,thysanura,araneae,hymenoptera,gastropoda,lepidoptera,orthoptera,diptera,isopoda,lepidoptera_larvae,spider_egg,diptera_larvae,coleoptera_larvae,acari,neuroptera_larvae,pseudoscorpiones,blattodea,odonata,insect_egg,raphidioptera
DEMAR,DEMAR-518-36,1,6,1,1,0,0,0,0,0,0,0,0,0,0,0,0,0,0,0,0,0
DEMAR,DEMAR-518-20,3,0,0,2,2,1,0,0,0,0,0,0,0,0,0,0,0,0,0,0,0
DEMAR,DEMAR-518-21,1,2,0,1,0,0,1,0,0,0,0,0,0,0,0,0,0,0,0,0,0
DEMAR,DEMAR-518-02,2,2,0,1,0,0,0,0,0,0,0,0,0,0,0,0,0,0,0,0,0
DEMAR,DEMAR-518-04,0,2,0,0,1,0,0,1,0,0,0,0,0,0,0,0,0,0,0,0,0
DEMAR,DEMAR-518-12,0,1,0,0,0,0,0,1,0,0,0,0,0,0,0,0,0,0,0,0,0
DEMAR,DEMAR-518-24,0,1,0,2,1,1,0,0,0,0,0,0,0,0,0,0,0,0,0,0,0
DEMAR,DEMAR-518-11,0,3,0,1,1,0,0,1,0,0,0,0,0,0,0,0,0,0,0,0,0
DEMAR,DEMAR-518-15,0,1,0,4,0,1,0,0,0,0,0,0,0,0,0,0,0,0,0,0,0
DEMAR,DEMAR-518-08,0,1,0,2,0,0,0,0,1,1,0,0,0,0,0,0,0,0,0,0,0
DEMAR,DEMAR-518-16,0,0,0,1,0,0,0,0,0,0,0,0,0,0,0,0,0,0,0,0,0
DEMAR,DEMAR-518-10,0,1,1,1,0,0,0,0,0,0,0,0,0,0,0,0,0,0,0,0,0
DEMAR,DEMAR-518-33,0,1,0,0,0,0,0,0,0,1,0,0,0,0,0,0,0,0,0,0,0
DEMAR,DEMAR-518-18,0,0,0,0,0,0,1,1,0,0,0,0,0,0,0,0,0,0,0,0,0
DEMAR,DEMAR-518-29,3,1,0,1,0,1,0,0,0,0,0,0,0,0,0,0,0,0,0,0,0
DEMAR,DEMAR-518-09,1,0,0,0,1,0,0,0,0,0,1,0,0,0,0,0,0,0,0,0,0
DEMAR,DEMAR-518-39,1,1,0,1,0,0,0,0,0,0,0,1,0,0,0,0,0,0,0,0,0
DEMAR,DEMAR-518-27,2,0,0,0,2,0,0,0,0,1,0,0,0,0,0,0,0,0,0,0,0
DEMAR,DEMAR-518-37,1,0,0,1,0,0,0,1,0,0,0,0,0,0,0,0,0,0,0,0,0
DEMAR,DEMAR-518-05,2,0,0,0,3,0,0,0,0,0,0,0,0,0,0,0,0,0,0,0,0
DEMAR,DEMAR-518-19,2,2,0,1,3,0,0,0,0,0,0,0,1,0,0,0,0,0,0,0,0
DEMAR,DEMAR-518-35,1,5,0,1,0,1,0,0,0,0,0,0,0,0,0,0,0,0,0,0,0
DEMAR,DEMAR-518-32,2,5,0,3,0,0,0,0,0,0,0,0,0,0,0,0,0,0,0,0,0
DEMAR,DEMAR-518-38,3,1,0,0,2,0,0,0,0,0,1,0,0,0,0,0,0,0,0,0,0
DEMAR,DEMAR-518-31,1,0,0,1,0,0,0,0,0,0,0,0,0,0,0,0,0,0,0,0,0
DEMAR,DEMAR-518-23,0,1,0,0,0,0,0,1,0,0,0,0,0,0,0,0,0,0,0,0,0
DEMAR,DEMAR-518-26,0,0,0,1,0,0,0,0,0,0,0,1,0,0,0,0,0,0,0,0,0
DEMAR,DEMAR-518-28,0,0,0,1,0,0,0,1,0,0,0,0,0,0,0,0,0,0,0,0,0
DEMAR,DEMAR-518-07,2,0,0,0,0,0,0,1,0,0,0,0,0,0,0,0,0,0,0,0,0
DEMAR,DEMAR-518-13,0,1,0,1,1,0,0,0,0,0,0,0,0,0,0,0,0,0,0,0,0
EMONI,EMONI-516-03,1,0,0,1,1,0,0,0,0,0,0,0,0,0,0,0,0,0,0,0,0
EMONI,EMONI-516-06,1,1,0,2,7,0,0,0,0,0,1,0,0,0,0,0,0,0,0,0,0
EMONI,EMONI-516-07,2,0,0,0,8,0,0,0,0,0,0,0,0,0,0,0,0,0,0,0,0
EMONI,EMONI-516-09,0,2,0,4,3,0,0,0,0,0,0,0,0,0,0,0,0,0,0,0,0
EMONI,EMONI-516-14,4,0,0,1,3,0,0,0,0,0,1,0,0,0,0,0,0,0,0,0,0
EMONI,EMONI-516-15,0,0,0,0,0,0,0,0,0,0,1,0,0,0,0,0,0,0,0,0,0
EMONI,EMONI-516-17-a,1,0,0,0,1,0,0,0,0,0,0,0,0,1,1,0,0,0,0,0,0
EMONI,EMONI-516-17-b,0,1,0,1,1,0,0,0,0,0,1,0,0,0,0,0,0,0,0,0,0
EMONI,EMONI-516-20,2,0,0,0,2,0,0,0,0,0,0,0,0,0,4,0,0,0,0,0,0
EMONI,EMONI-516-22,1,0,0,1,0,1,0,0,0,0,0,0,0,0,0,0,0,0,0,0,0
EMONI,EMONI-516-23,1,1,0,1,0,0,0,0,1,0,0,0,0,0,0,0,0,0,0,0,0
EMONI,EMONI-516-25,0,0,0,0,0,0,0,1,0,0,0,0,0,0,0,0,0,0,0,0,0
EMONI,EMONI-516-26,0,1,0,1,6,1,0,0,0,0,1,0,0,0,0,0,0,0,0,0,0
EMONI,EMONI-516-29,3,2,0,3,3,0,0,0,0,0,1,0,0,1,3,1,0,0,0,0,0
MALYKO,MALYKO-602-17,0,0,0,2,5,1,0,1,0,1,0,0,0,0,0,0,0,0,0,0,0
MALYKO,MALYKO-602-11,0,0,0,1,0,0,0,0,0,0,0,0,0,0,0,0,0,0,0,0,0
MALYKO,MALYKO-602-21,0,0,0,0,0,0,0,0,0,0,0,0,0,0,0,0,1,0,0,0,0
MALYKO,MALYKO-602-20,0,9,0,0,1,0,0,0,0,0,0,0,0,0,0,0,0,0,0,0,0
MALYKO,MALYKO-602-K2,0,0,0,0,3,0,0,0,1,0,0,0,0,0,0,0,0,0,0,0,0
MALYKO,MALYKO-602-02,1,1,1,0,0,0,0,1,0,0,1,0,0,2,4,0,0,0,0,0,0
MALYKO,MALYKO-602-07,1,0,0,0,0,0,0,0,0,0,0,0,0,0,0,0,0,0,0,0,0
MALYKO,MALYKO-602-10,0,0,1,0,0,0,0,0,0,0,0,0,0,0,0,0,0,0,0,0,0
MALYKO,MALYKO-602-09,0,0,0,0,1,0,0,0,0,0,0,0,0,0,0,0,0,0,0,0,0
MALYKO,MALYKO-602-12,4,0,0,0,1,0,0,0,0,0,0,0,0,0,0,0,0,0,0,0,0
MALYKO,MALYKO-602-15,1,0,0,0,0,0,0,0,0,0,0,0,0,0,0,0,0,0,0,0,0
NALYKO,NALYKO-601-01,2,0,0,1,0,0,0,0,0,0,0,0,0,0,0,0,0,1,0,0,0
NALYKO,NALYKO-601-06,2,0,0,1,0,0,0,0,0,0,0,0,0,1,0,0,1,0,0,0,0
NALYKO,NALYKO-601-07,0,0,0,0,0,0,0,0,0,0,1,0,0,0,0,0,0,1,0,0,0
NALYKO,NALYKO-601-04,1,0,0,0,0,0,0,0,0,0,1,0,0,0,0,0,0,0,0,0,0
NALYKO,NALYKO-601-05,0,0,0,1,0,0,0,0,0,0,0,0,0,0,0,0,0,0,1,0,0
NALYKO,NALYKO-601-02,0,0,0,0,0,0,0,0,0,0,0,0,0,0,0,0,0,1,0,0,0
RACHI,RACHI-320-14,1,0,0,0,3,1,0,0,0,0,0,0,0,0,0,0,0,0,0,0,0
RACHI,RACHI-320-04,0,0,0,1,1,0,0,0,0,0,0,0,0,0,0,0,0,0,0,0,0
RACHI,RACHI-320-08,0,0,0,0,0,1,0,1,0,0,0,0,0,0,0,0,0,0,0,0,0
RACHI,RACHI-320-03,0,0,0,1,1,1,0,0,1,0,0,0,0,0,0,0,0,0,0,0,0
RACHI,RACHI-320-09,1,0,0,0,1,1,0,0,0,0,0,0,0,0,0,0,0,0,0,0,0
RACHI,RACHI-320-12,1,0,0,1,0,0,0,1,0,0,1,0,1,0,0,0,0,0,0,0,0
RACHI,RACHI-320-02,0,0,0,0,1,0,0,1,1,0,0,0,0,0,0,0,0,0,0,0,0
RACHI,RACHI-320-06,0,0,0,1,1,0,0,0,0,0,0,0,0,0,0,0,0,0,0,0,0
RACHI,RACHI-320-05,1,0,0,1,1,1,0,0,0,0,0,0,0,0,0,0,0,0,0,0,0
RACHI,RACHI-320-13,0,1,0,0,1,0,0,0,0,0,0,0,0,0,0,0,0,0,0,0,0
SAGRI,SAGRI- 521-03,1,1,0,0,0,0,0,0,0,0,0,0,0,0,0,0,0,0,0,0,0
SAGRI,SAGRI- 521-10,1,0,0,0,0,1,0,1,0,0,0,0,0,0,0,0,0,0,0,0,0
SAGRI,SAGRI- 521-01,0,1,0,0,1,0,0,0,0,0,0,0,0,0,0,0,0,0,0,0,0
SAGRI,SAGRI- 521-11,0,0,0,0,0,0,0,1,0,0,0,0,0,0,0,0,0,0,0,7,0
SAGRI,SAGRI- 521-08,0,0,0,0,0,0,0,1,0,0,0,0,0,0,0,0,0,0,0,0,0
SAGRI,SAGRI- 521-07,0,0,0,0,0,0,0,1,0,0,0,0,0,0,0,0,0,0,0,0,0
SAGRI,SAGRI- 521-09,0,1,0,1,0,0,0,1,0,0,0,0,0,0,0,0,0,0,0,0,0
SMONI,SMONI-522-01,1,0,0,1,0,0,0,0,0,0,0,0,0,0,0,0,0,0,0,0,0
SMONI,SMONI-522-17,2,0,0,0,1,0,0,0,0,1,0,0,0,0,0,0,0,0,0,0,0
SMONI,SMONI-522-35,1,0,0,0,1,0,0,0,0,0,0,0,0,0,0,0,0,0,0,0,0
SMONI,SMONI-522-33,0,2,0,1,0,0,0,0,0,0,0,0,0,0,0,0,0,0,0,0,0
SMONI,SMONI-522-03,1,0,0,0,1,0,0,0,0,0,0,0,0,0,0,0,0,0,0,0,0
SMONI,SMONI-522-22,2,2,0,0,0,1,0,1,0,0,1,0,0,0,0,0,0,0,0,0,0
SMONI,SMONI-522-05,0,0,0,2,3,0,0,0,0,0,0,0,0,0,0,0,0,0,0,0,0
SMONI,SMONI-522-26,0,1,0,2,1,0,0,0,0,1,0,0,0,0,0,0,0,0,0,0,0
SMONI,SMONI-522-04,1,0,0,0,0,0,0,0,0,0,1,0,0,0,0,0,0,0,0,0,0
SMONI,SMONI-522-21,1,0,0,0,0,1,0,0,0,0,2,0,0,0,0,1,0,1,0,0,0
SMONI,SMONI-522-38,0,0,0,2,2,0,0,0,0,1,0,0,0,0,0,0,0,0,0,0,0
SMONI,SMONI-522-09,0,0,0,0,2,0,1,0,0,0,0,0,1,0,0,0,0,0,0,0,0
SMONI,SMONI-522-06,0,1,0,0,0,0,0,1,0,0,2,0,0,0,0,0,0,0,0,0,0
SMONI,SMONI-522-34,0,0,0,1,0,1,1,0,0,0,1,0,0,0,0,0,0,0,0,0,0
SMONI,SMONI-522-19,0,2,0,0,0,0,0,0,0,0,1,0,0,0,0,0,0,0,0,0,0
SMONI,SMONI-522-32,0,3,0,1,1,0,1,0,0,0,1,0,0,0,0,0,0,1,0,0,0
SMONI,SMONI-522-39,0,0,0,0,1,0,0,0,0,0,0,0,0,0,0,0,0,0,0,0,0
SMONI,SMONI-522-10,1,0,0,0,3,0,0,0,0,0,0,0,0,0,0,0,0,0,0,0,0
SMONI,SMONI-522-13,0,17,0,0,3,0,0,0,1,0,0,0,0,0,0,0,0,0,0,0,0
SMONI,SMONI-522-02,2,0,0,0,0,1,0,0,0,0,1,0,0,0,0,0,0,0,0,0,0
SMONI,SMONI-522-30,1,0,0,0,3,1,0,0,0,0,0,0,0,0,0,0,0,0,0,0,0
SMONI,SMONI-522-24,0,0,0,0,0,0,0,0,0,0,1,0,0,0,0,0,0,0,0,0,0
SMONI,SMONI-522-07,1,0,0,0,0,0,0,0,0,1,0,0,0,0,0,0,0,0,0,0,0
SMONI,SMONI-522-37,3,0,0,0,0,0,0,0,0,1,1,0,0,0,0,0,0,0,0,0,0
VIGLA,VIGLA-517-14,0,1,0,0,0,1,0,1,0,0,0,0,0,0,0,0,0,0,0,0,0
VIGLA,VIGLA-517-20,0,22,0,0,1,1,0,0,0,0,0,0,0,2,0,0,0,0,0,0,0
VIGLA,VIGLA-517-03,2,0,0,1,0,0,0,0,0,0,2,0,0,0,0,0,0,0,0,0,0
VIGLA,VIGLA-517-01,0,0,0,0,1,0,0,0,0,0,0,0,0,0,0,0,0,0,0,0,0
VIGLA,VIGLA-517-02,0,1,0,0,1,0,0,0,0,0,0,0,0,0,0,0,0,0,0,0,0
VIGLA,VIGLA-517-10,1,0,0,0,0,0,0,0,0,0,0,0,0,0,1,0,0,0,0,0,0
VIGLA,VIGLA-517-23,1,1,0,1,0,0,1,0,0,0,0,0,0,0,0,0,0,0,0,0,0
VIGLA,VIGLA-517-15,1,7,0,0,1,0,0,0,0,0,0,0,0,0,0,0,0,0,0,1,0
VIGLA,VIGLA-517-19,0,1,0,0,0,1,0,0,1,0,1,0,0,0,0,0,0,0,0,0,0
VIGLA,VIGLA-517-06,0,1,0,0,4,0,0,0,0,0,0,0,0,0,0,0,0,0,0,0,0
VIGLA,VIGLA-517-16,0,1,0,1,1,0,0,0,0,0,0,0,0,0,0,0,0,0,0,0,0
VIGLA,VIGLA-517-22,1,48,0,0,0,1,0,0,0,0,0,0,0,2,0,0,0,0,0,0,0
VIGLA,VIGLA-517-21,0,1,0,2,1,0,0,0,0,0,0,0,0,2,0,0,0,0,0,0,0
VIGLA,VIGLA-517-17,1,2,0,0,3,1,0,0,0,0,0,0,0,0,0,0,0,0,0,0,0
VIGLA,VIGLA-517-12,0,2,0,0,0,0,0,0,0,0,0,0,0,0,0,0,0,0,0,0,0
VIGLA,VIGLA-517-25,2,1,0,0,0,1,0,0,0,0,0,0,0,0,0,0,0,0,0,0,0
VIGLA,VIGLA-517-18,1,22,0,0,3,1,1,0,0,0,0,0,0,0,1,0,0,0,0,0,0
WMONI,WMONI-523-30,1,0,0,0,1,0,0,0,0,0,0,0,0,0,0,0,0,0,0,0,0
WMONI,WMONI-523-18,0,0,0,1,0,0,0,0,1,0,0,0,0,0,0,0,0,0,0,0,0
WMONI,WMONI-523-34,0,0,0,0,1,1,1,0,0,0,0,0,0,0,0,0,0,0,0,0,0
WMONI,WMONI-523-27,0,0,0,0,0,1,0,0,0,0,1,0,0,0,0,0,0,0,0,0,0
WMONI,WMONI-523-09,2,0,0,0,0,0,0,0,0,0,0,0,0,1,0,0,0,0,0,0,0
WMONI,WMONI-523-51,1,3,0,0,2,1,0,1,0,0,0,0,0,0,0,0,0,0,0,0,0
WMONI,WMONI-523-17,2,0,0,0,2,0,0,1,0,0,0,0,0,0,0,0,0,0,0,0,0
WMONI,WMONI-523-36,3,0,0,1,0,0,0,0,0,0,1,0,0,0,0,0,0,0,0,0,0
WMONI,WMONI-523-41,1,1,0,0,0,0,0,0,0,0,0,0,0,0,0,0,0,0,0,0,0
WMONI,WMONI-523-22,0,1,0,0,0,0,0,0,0,0,0,0,0,1,0,0,0,0,0,0,0
WMONI,WMONI-523-19,0,0,0,0,0,0,0,1,0,0,0,0,0,0,0,0,0,0,0,0,0
WMONI,WMONI-523-10,0,0,0,0,1,0,0,1,0,0,0,0,0,0,0,0,0,0,0,0,0
WMONI,WMONI-523-24,0,1,0,1,0,0,0,0,0,0,0,0,0,0,0,0,0,0,0,0,0
WMONI,WMONI-523-35,0,1,0,0,0,0,0,2,0,0,1,0,0,0,0,0,0,0,0,0,0
WMONI,WMONI-523-54,0,1,0,0,0,1,0,0,1,0,1,0,0,0,0,0,0,0,0,0,0
WMONI,WMONI-523-14,2,0,0,0,1,0,0,0,0,0,1,0,0,0,0,0,0,0,0,0,0
WMONI,WMONI-523-15,2,1,0,0,0,0,0,0,0,0,0,0,0,0,0,0,0,0,0,0,0
WMONI,WMONI-523-03,1,1,0,1,0,0,0,0,0,0,0,0,0,0,0,0,0,0,0,0,0
WMONI,WMONI-523-23,2,1,0,0,1,0,0,0,0,0,1,0,0,1,0,0,0,0,0,0,0
WMONI,WMONI-523-37,1,2,0,2,2,1,1,0,0,0,0,0,0,0,0,0,0,0,0,0,0
WMONI,WMONI-523-29,1,0,0,0,0,0,1,0,0,0,0,0,0,0,0,0,0,0,0,0,0
WMONI,WMONI-523-13,3,0,0,0,0,0,0,0,0,0,0,0,0,0,0,0,0,0,0,0,0
WMONI,WMONI-523-31,0,2,0,0,0,0,0,0,0,0,1,0,0,0,0,0,0,0,0,0,1
WMONI,WMONI-523-11,2,0,0,0,0,1,0,0,0,0,0,0,0,0,0,0,0,0,0,0,0
WMONI,WMONI-523-25,1,0,0,0,2,0,0,0,0,0,0,0,0,0,0,0,0,0,0,0,0
WMONI,WMONI-523-49,1,1,0,0,1,0,0,0,0,0,0,0,0,0,0,0,0,0,0,0,0
WMONI,WMONI-523-32,2,0,0,0,0,0,0,0,0,0,1,0,0,0,0,0,0,0,0,0,0
WMONI,WMONI-523-50,1,2,0,0,2,1,0,0,0,0,0,0,0,0,0,0,0,0,0,0,0
WMONI,WMONI-523-06,1,1,0,0,1,0,0,0,0,0,0,0,0,0,0,0,0,0,0,0,0
